id;cpf;nome;data_nascimento;rg;telefone_1;telefone_2;email;nome_mae;nome_pai;funcao;created_by;created_date;last_modified_by;last_modified_date
1;open-source system;XML wireless Frozen;2021-11-23;Account Security;Canada Handcrafted;Intuitive EXE;Nicolas_Dietrich6@hotmail.com;compress technologies;Upgradable;Cotton gold;Nevada;2021-11-24T00:49:50;Jordanian engineer;2021-11-24T03:51:20
2;Generic JSON;Automotive compelling;2021-11-24;Soft Alabama;withdrawal Fresh GB;Beauty;Gaylord.Kuhn10@yahoo.com;Agent 1080p Networked;Serbian;Checking Soft;Zloty;2021-11-24T09:14:02;Sleek withdrawal Helena;2021-11-24T06:14:47
3;Open-source;Well Supervisor Account;2021-11-24;Metrics Bike Quality;driver Account Dynamic;Corporate back;Tevin.Marvin@yahoo.com;Savings Ball Borders;technologies withdrawal;Baht;secondary;2021-11-23T23:45:48;Incredible;2021-11-23T17:12:28
4;benchmark Loan;dot-com Dollar Borders;2021-11-23;Synchronised HTTP;Rupee Maine iterate;Music radical Money;Sherman_Jones89@gmail.com;state Greenland;Florida Licensed;supply-chains;Steel;2021-11-24T06:41:17;Account Accountability Peso;2021-11-23T15:15:51
5;Bedfordshire open-source;Kentucky virtual Strategist;2021-11-24;monetize BEAC Dam;Corporate deposit;users proactive;Fausto.Hudson@yahoo.com;optical;Generic;holistic;Fantastic leverage cross-media;2021-11-23T20:55:05;invoice quantify;2021-11-24T11:38:11
6;Gorgeous;District throughput Costa;2021-11-24;Fish Organic blue;override teal;Franc Idaho Chicken;Joannie0@hotmail.com;circuit;Multi-channelled Money;quantifying;Berkshire;2021-11-23T17:50:10;CSS;2021-11-23T14:59:53
7;Investment;Automated;2021-11-23;Gabon;blockchains Corporate COM;Iowa;Bernita_Boyer22@yahoo.com;purple;Sol;Soft Analyst Response;SCSI Peso;2021-11-24T02:18:38;Sausages optimal;2021-11-23T22:13:12
8;Nebraska;Table Rustic bandwidth;2021-11-23;functionalities Fields;Auto;mobile;Laverne_Metz@yahoo.com;invoice Canyon;index;Up-sized Representative;withdrawal;2021-11-24T04:13:05;reboot Berkshire;2021-11-23T19:19:35
9;pink;task-force Keyboard Legacy;2021-11-24;calculating PCI;bus Directives;Locks system magenta;Wilfred.Kautzer92@yahoo.com;PNG deposit cross-media;Illinois Account;incubate;bus Arkansas best-of-breed;2021-11-23T15:58:49;Unbranded Buckinghamshire;2021-11-24T02:46:04
10;up;eyeballs;2021-11-24;intuitive synthesizing;circuit Table;virtual Robust;Lottie.Reynolds46@hotmail.com;Table;matrix Account;migration Specialist;front-end;2021-11-23T17:44:17;Courts Plains Centralized;2021-11-24T02:40:12
